source_name,source_link,event_id,event_date,event_time,event_title,event_description,location_description,location_accuracy,landslide_category,landslide_trigger,landslide_size,landslide_setting,fatality_count,injury_count,storm_name,photo_link,notes,event_import_source,event_import_id,country_name,country_code,admin_division_name,admin_division_population,gazeteer_closest_point,gazeteer_distance,submitted_date,created_date,last_edited_date,longitude,latitude,zone_id
The Arunachal Times,http://www.arunachaltimes.in/landslide-washes-away-house-in-daporijo/,9998,07-04-2017 19:39,,Landslide in Daporijo,Landslide after rains that cause flooding throughout Daporijo wash away a dwelling,"Abotani Colony, Daporijo Township, Arunachal Pradesh, India",1km,landslide,rain,medium,above_road,0.0,0.0,,,,,,,,,,,,07-06-2017 19:39,11/20/2017 03:17:00 PM,02/15/2018 03:51:00 PM,94.21263589,27.98531715,lower_subansiri_arunachal_pradesh
The Arunachal Times,http://www.arunachaltimes.in/landslide-washes-away-house-in-daporijo/,9993,07-04-2017 19:39,,Landslide along Daporijo-Dumporijo road,Landslide after rains that cause flooding throughout Daporijo severely damage Daporijo-Dumporjio road,"Daporijo-Dumporijo road, Arunachal Pradesh, India",10km,landslide,rain,small,above_road,0.0,0.0,,,,,,,,,,,,07-06-2017 19:39,11/20/2017 03:17:00 PM,02/15/2018 03:51:00 PM,94.26296826,27.97875751,lower_subansiri_arunachal_pradesh
Arunachal Times,http://www.arunachaltimes.in/akddsu-mourns-students-death/,9829,06/19/2017 01:15:00 PM,,Landslide in Chimpu,"Landslide hits house, killing one",,1km,landslide,unknown,small,urban,1.0,,,,,,,,,,,,,06/22/2017 01:15:00 PM,11/20/2017 03:17:00 PM,02/15/2018 03:51:00 PM,93.6146564,27.06992579,papum_pare_arunachal_pradesh
Arunachal Times,http://www.arunachaltimes.in/pipeline-damaged-in-poma-water-crisis-lingers-on/,9743,06-04-2017 13:34,,Landslide near Itangar,"Landslide damaged a water pipe near Poma, outside of Itangar","Poma River, west of Itangar",5km,landslide,unknown,medium,natural_slope,0.0,0.0,,http://www.arunachaltimes.in/wp-content/uploads/2017/06/Pipeline-damaged-in-Poma-water-crisis-lingers-on-300x206.jpg,,,,,,,,,,06/16/2017 01:34:00 PM,11/20/2017 03:17:00 PM,02/15/2018 03:51:00 PM,93.54235868,27.05909317,papum_pare_arunachal_pradesh
Arunachal Times,http://www.arunachaltimes.in/landslide-disrupts-water-supply-again/,9834,06/21/2017 06:51:00 PM,,Landslide in Itanagar,Landslide disrupts water supply pipeline,"Poma, 6km away from Itanagar",1km,landslide,rain,small,natural_slope,0.0,0.0,,http://www.arunachaltimes.in/wp-content/uploads/2017/06/Landslide-disrupts-water-supply-again.jpg,,,,,,,,,,06/22/2017 06:51:00 PM,11/20/2017 03:17:00 PM,02/15/2018 03:51:00 PM,93.54136779,27.05880384,papum_pare_arunachal_pradesh
The Arunachal Times,http://www.arunachaltimes.in/nature-unleashes-fury-leaves-trail-of-devastation-in-itanagar/,9932,07-01-2017 15:17,,Landslide near Dree Festival Ground,Incessant rains trigger floods and landslides around Itanagar. The National Highway 415 road between Itanagar and Naharlagun is blocked as a large portion of the highway near Dree Ground was washed away early on Saturday morning.,"Dree Festival Ground, NH-415, Arunachal Pradesh, India",exact,landslide,downpour,medium,below_road,0.0,0.0,,http://www.arunachaltimes.in/wp-content/uploads/2017/07/Near-Dree-Ground-300x206.jpg,,,,,,,,,,07-03-2017 15:17,11/20/2017 03:17:00 PM,02/15/2018 03:51:00 PM,93.65975252,27.10647226,papum_pare_arunachal_pradesh
Arunachal Pradesh,http://www.arunachaltimes.in/nature-unleashes-fury-leaves-trail-of-devastation-in-itanagar/,9935,07-01-2017 15:17,,House in Itanagar washed away by landslide,Landslide completely destroys house in Sanglo Potum. No casualties as house was vacated immediately prior.,"Sanglo Potum (??), Itanagar, Papum Pare, Arunachal Pradesh",5km,landslide,continuous_rain,medium,natural_slope,0.0,0.0,,,,,,,,,,,,07-03-2017 15:17,11/20/2017 03:17:00 PM,02/15/2018 03:51:00 PM,93.60815652,27.08168565,papum_pare_arunachal_pradesh
The Arunachal Times,http://www.arunachaltimes.in/nature-unleashes-fury-leaves-trail-of-devastation-in-itanagar/,9933,06/30/2017 03:17:00 PM,,Landslide threatens orphanage with collapse,"Gyan Mission Orphanage at Jollang is also on the verge of caving in as a major chunk of earth was washed away by Friday night’s heavy rainfall throughout Itanagar, which caused numerous landslides and floods.","Jollang, Itanagar Sub-District, Papum Pare, Arunachal Pradesh, 791123",1km,landslide,downpour,medium,natural_slope,0.0,0.0,,,,,,,,,,,,07-03-2017 15:17,11/20/2017 03:17:00 PM,02/15/2018 03:51:00 PM,93.61899644,27.04768643,papum_pare_arunachal_pradesh
First Post,http://www.firstpost.com/india/two-dead-2-injured-landslide-arunachal-pradesh-school-remain-shut-heavy-rainfall-alert-2287954.html,6971,06-09-2015 00:00,,"Itanagar, Arunachal Pradesh",Two people died while two others were seriously injured when their dwelling was hit by a landslide on Tuesday,"Itanagar, Arunachal Pradesh",5km,landslide,continuous_rain,medium,above_road,2.0,2.0,,,,glc,6971.0,India,IN,Arunachal Pradesh,44971.0,Itānagar,1.30114,06/25/2015 08:30:00 PM,11/20/2017 03:17:00 PM,02/15/2018 03:51:00 PM,93.816,27.0987,papum_pare_arunachal_pradesh
Arunachal Times,http://www.arunachaltimes.in/landslide-blocks-ziro-tamen-road/,9168,06-12-2016 23:00,,"NH 13 10 kilometers from Old Ziro, Arunachal Pradesh, India","Estimated location along road. Heavy rains on Sunday night triggered series of landslides between Ziro and Ripali, Tamen, 10Kms from Old Ziro, stranding the commuters for the entire day. However due to heavy rains, the restoration work had to be halted and will resume on Tuesday.","NH 13 10 kilometers from Old Ziro, Arunachal Pradesh, India",10km,landslide,downpour,medium,above_road,0.0,0.0,,http://www.arunachaltimes.in/wp-content/uploads/2016/06/Landslide-blocks-Ziro-Tamen-road-300x206.jpg,,glc,9168.0,India,IN,Arunachal Pradesh,13893.0,Ziro,6.29222,07/25/2016 05:45:00 PM,11/20/2017 03:17:00 PM,02/15/2018 03:51:00 PM,93.871,27.6438,lower_subansiri_arunachal_pradesh
Telegraph India,http://www.telegraphindia.com/1080616/jsp/northeast/story_9416169.jsp,587,06/15/2008 12:00:00 AM,,"Lakhimpur district, Bihpuria, Assam","heavy flooding and landslides in Assam and Arunachal Pradesh, difficult to determine if casualties were from flooding or landslides","Lakhimpur district, Bihpuria, Assam",25km,landslide,downpour,medium,unknown,17.0,,,,,glc,587.0,India,IN,Assam,59841.0,North Lakhimpur,0.75347,04-01-2014 00:00,11/20/2017 03:17:00 PM,02/15/2018 03:51:00 PM,94.0989,27.2298,papum_pare_arunachal_pradesh
The Assam Tribune,http://www.assamtribune.com/scripts/detailsnew.asp?id=oct0214/oth052,6222,10-01-2014 11:00,,Karsingsa block point,"The incident occurred around 11 am when a group of commuters were crossing the Karsingsa block point on foot towards Banderdewa, the gateway of Arunachal capital, Itanagar, when a massive landslide hit the victims and buried them alive after dragging them for about 100 metres.  The killed have been identified as 22-year-old Gichik Yake (Tagru) and her husband Tagru Tassa (27) of Tali in Kurung Kumey district, Kamgouthang Kipgen (29) and Jhon Kipgen (16) – both hailing from Manipur, and eight-year-old boy Hriky Dekam (Tamin) from Daporijo, Upper Subansiri district. The police later brought the bodies to the Arunachal State Hospital morgue for identification and later handed them over to their relatives after completing all formalities.",Karsingsa block point,5km,landslide,unknown,small,above_road,5.0,0.0,,,,glc,6222.0,India,IN,Arunachal Pradesh,26912.0,Naharlagun,7.80995,10-08-2014 21:31,11/20/2017 03:17:00 PM,02/15/2018 03:51:00 PM,93.7706,27.1249,papum_pare_arunachal_pradesh
articles.timesofindia.indiatimes.com,http://articles.timesofindia.indiatimes.com/2013-07-28/guwahati/40848148_1_daporijo-upper-subansiri-landslides,4892,06-01-2013 00:00,,Upper Subansiri,"The Daporijo district headquarters is cut off from other circle headquarters of UpperSubansiri for the last two months due to landslides. Massive landslides triggered by heavy rainfall have blocked roads at numerous points, cutting off more than 60 villages under Gusar and Giba circles. There is acute shortage of essential items in the two circles, a source said here on Saturday. A samiti member of Tator Tani-V under Gusar Anchal block said about 3,000 people of the entire Tator Bango area have been affected by the choking of the lone PWD road. The authorities could not clear the road due to shortage of men and machinery, he said.",Upper Subansiri,50km,landslide,downpour,large,unknown,,,,,,glc,4892.0,India,IN,Arunāchal Pradesh,4157.0,Bāsār,45.49031,04-01-2014 00:00,11/20/2017 03:17:00 PM,02/15/2018 03:51:00 PM,94.25,27.8776,lower_subansiri_arunachal_pradesh
timesofindia.indiatimes,http://timesofindia.indiatimes.com/india/13-killed-as-rains-wrack-havoc-in-north-and-eastern-India-/articleshow/6532367.cms,2411,09-10-2010 00:00,,"districts Lakhimpur, Dhemaji, Golaghat, and Sonitpur, Assam province","Sep 10, 2010, 09.40pm IST  NEW DELHI: Thirteen people were killed as heavy monsoon rains wracked havoc in north and east India, triggering landslides and inundating lakhs of acres of farmland on Friday.  At least eight people were buried alive under the debris following massive landslides triggered by incessant rains in Arunachal Pradesh.  One person was drowned and around 1.5 lakh people were affected in the flash floods which hit the northern Assam districts of Lakhimpur, Dhemaji, Golaghat and Sonitpur following incessant rains in the upper reaches.","districts Lakhimpur, Dhemaji, Golaghat, and Sonitpur, Assam province",unknown,landslide,downpour,medium,unknown,0.0,,,,,glc,2411.0,India,IN,Arunāchal Pradesh,26912.0,Naharlagun,11.91035,04-01-2014 00:00,11/20/2017 03:17:00 PM,02/15/2018 03:51:00 PM,93.7273,27.0011,papum_pare_arunachal_pradesh
rttnews,http://www.rttnews.com/ArticleView.aspx?Id=758386&SMap=1,869,10/29/2008 12:00:00 AM,,North Lakhimpur ,"flooding and landslides, Floods and landslides caused by heavy rains over the last three days have killed at least seven people and displaced thousands more in the northeastern states of India",North Lakhimpur ,50km,landslide,downpour,medium,unknown,,,,,,glc,869.0,India,IN,Assam,59841.0,North Lakhimpur,1.31739,04-01-2014 00:00,11/20/2017 03:17:00 PM,02/15/2018 03:51:00 PM,94.1167,27.2333,papum_pare_arunachal_pradesh
articles.timesofindia,http://articles.timesofindia.indiatimes.com/2011-08-06/guwahati/29861700_1_water-supply-drinking-water-landslides,3881,08-05-2011 00:00,,Itanagar,"ITANAGAR: Heavy rainfall in the past 12 hours wrecked havoc in the Arunachal Pradesh capital with almost all major roads leading to the town being snapped off in many areas on the NH 52-A.  Rain induced landslides have cut off several places from the rest of the state, while many places within the capital complex near Karsingsa sinking zone, Lekhi village, A-sector Naharlagun and the Papunallah area have been severely affected by the calamity.  A bridge at Abotani Colony in Itanagar has been rendered unusable as siltation on the banks of the stream gave away. The onus for maintaining the bridge, which is frequented by VIPs, has fallen on the PWD as the urban department has expressed its inability to maintain the structure, official sources informed.",Itanagar,5km,landslide,downpour,medium,unknown,0.0,,,,,glc,3881.0,India,IN,Arunāchal Pradesh,26912.0,Naharlagun,0.67751,04-01-2014 00:00,11/20/2017 03:17:00 PM,02/15/2018 03:51:00 PM,93.6885,27.1034,papum_pare_arunachal_pradesh
ibnlive.in.com,http://ibnlive.in.com/news/massive-landslide-in-arunachal-due-to-rainfall-2-districts-remain-cut-off/420409-3-229.html,5442,09-02-2013 00:00,,Arunachal Pradesh,"With improvement in the weather, the water level of major rivers in Eastern Arunachal showed a receding trend even as West and Upper Siang districts in the state remained cut off due to massive landslides triggered by torrential rain. Chief Minister Nabam Tuki on Saturday undertook an aerial survey of the affected areas accompanied by Chief Secretary Hari Krishna and Secretary, Disaster Management, Kapa Kholie, officials said on Sunday. Reports had poured in of the Noa Dihing River rising over danger level and inundating portions of Dumpani and four other villages under Diyun circle in Changlang district. At least 13,246 people of eleven villages have been affected by the current wave of flood. Landing at Diyun, Tuki took first hand report of the situation from local Legislator C C Singpho and officials of the district administration, sources said. The swollen river has triggered landslides in at least seven villages while about 85 hectares have been submerged in five villages, they sa",Arunachal Pradesh,unknown,landslide,downpour,large,unknown,,,,,,glc,5442.0,India,IN,Arunāchal Pradesh,26912.0,Naharlagun,8.47346,04-01-2014 00:00,11/20/2017 03:17:00 PM,02/15/2018 03:51:00 PM,93.7525,27.1614,papum_pare_arunachal_pradesh
ibnlive.in,http://ibnlive.in.com/generalnewsfeed/news/three-killed-in-landslides/758753.html,3806,07/19/2011 12:00:00 AM,,"Itanagar (one near Pachali power house, one near Heema Hospital, and one nearRomik Colony at P Sector)","Three killed in landslides PTI | 02:07 PM,Jul 19,2011  Itanagar, July 19 (PTI) Three persons including two minors were buried alive, while several others were seriously injured this morning when massive landslides triggered by torrential rain washed away several dwellings in and around the state capital, police sources said. A three-year-old girl died when landslide hit her house near Pachali power house while a 4 year boy died when his house caved in near Heema Hospital and one person was buried alive at Romik Colony at P Sector here this morning, city Superintendent of Police Chuku Appa said. Several injured people were admitted to hospitals here while conditions of a few are stated to be critical, the SP added. Incessant rain during the past couple of days triggered massive landslips today in several points along the NH 52 (A) disrupting surface communication between Itanagar to Banderdewa and Itanagar to Hollongi. The state PWD along with Border Road Task Force (BRTF) cleared all t","Itanagar (one near Pachali power house, one near Heema Hospital, and one nearRomik Colony at P Sector)",10km,landslide,downpour,medium,unknown,3.0,,,,,glc,3806.0,India,IN,Arunāchal Pradesh,26912.0,Naharlagun,0.6921,04-01-2014 00:00,11/20/2017 03:17:00 PM,02/15/2018 03:51:00 PM,93.6884,27.1032,papum_pare_arunachal_pradesh
morungexpress,http://www.morungexpress.com/regional/1615.html,714,08/14/2008 12:00:00 AM,,"Kimin-Ziro road in Papum Pare district, road between Doimukh and Sagalee, Doimukh-Hoj road; Arunachal Pradesh",landslides triggered in various parts of Arunachal Pradesh,"Kimin-Ziro road in Papum Pare district, road between Doimukh and Sagalee, Doimukh-Hoj road; Arunachal Pradesh",50km,landslide,rain,medium,unknown,,,,,,glc,714.0,India,IN,Assam,59841.0,North Lakhimpur,13.00939,04-01-2014 00:00,11/20/2017 03:17:00 PM,02/15/2018 03:51:00 PM,94.0,27.163,papum_pare_arunachal_pradesh
webindia123,http://news.webindia123.com/news/Articles/India/20150820/2664183.html,7334,08/18/2015 12:00:00 AM,,Arunachal Pradesh,"Tamil Nadu Chief Minister J Jayalalithaa today announced a solatium of Rs ten lakhs to the family of an armyman who died while involved in 'Operation Falcon' in Arunachal Pradesh on August 18. In a statement here, she said she was grieved to hear that armyman Subedar G Annamalai, hailing from Periyapalambakkam village in Vellore district, slipped and fell after evacuating his colleagues during a landslip. She said Annamalal, who was involved in wiring operations when the landslip occurred, rescued all his colleagues, but slipped and fell and suffered head injuries. He died on the spot. Expressing her heartfelt condolences to the bereaved family, Ms Jayalalithaa announced a solatium of Rs ten lakhs to the family.",Arunachal Pradesh,unknown,landslide,unknown,medium,unknown,1.0,0.0,,,,glc,7334.0,India,IN,Arunachal Pradesh,18425.0,Along,4.04762,08/21/2015 09:58:00 PM,11/20/2017 03:17:00 PM,02/15/2018 03:51:00 PM,94.7596,28.1737,west_siang_arunachal_pradesh
One India News,http://news.oneindia.in/india/flood-landslides-in-arunachal-pradesh-1504142.html,6200,08/17/2014 12:00:00 AM,,Arunachal Pradesh/Itanagar,lat/long  27.086901	93.60861,Arunachal Pradesh/Itanagar,10km,landslide,downpour,large,unknown,0.0,0.0,,,,test,6200.0,India,IN,Arunachal Pradesh,44971.0,Itānagar,0.12577,09-08-2014 00:58,11/20/2017 03:17:00 PM,02/15/2018 03:51:00 PM,93.6086,27.0869,papum_pare_arunachal_pradesh
ukpress.google,http://ukpress.google.com/article/ALeqM5iM8gWKcS4OLf66hwzNMnaybAaZYA,585,06/14/2008 12:00:00 AM,,"Itanagar-Naharlagun, Arunachal Pradesh","bodies pulled from debris in and around Itnagar, 300 mud huts washed away at banks of Dikrong river","Itanagar-Naharlagun, Arunachal Pradesh",25km,landslide,rain,large,unknown,21.0,,,,,glc,585.0,India,IN,Arunāchal Pradesh,44971.0,Itānagar,2.34889,04-01-2014 00:00,11/20/2017 03:17:00 PM,02/15/2018 03:51:00 PM,93.6287,27.0998,papum_pare_arunachal_pradesh
ibnlive.in,http://ibnlive.in.com/generalnewsfeed/news/flash-floods-landslides-in-arunachal-pradesh/757817.html,3776,07/15/2011 06:00:00 PM,,Itanagar/Naharlagur/Nirjuli,"Meanwhile, massive rains have caused havoc in Seppa depositing boulders and loose sediments in various places in the township. The main thoroughfare Bazaarline and ALC line have been hit hard by the ravaging flood. Landslips also disrupted water supply in the twin capital cities of Itanagar and Naharlagun since yesterday. The 300 mm diameter ductile iron pipe carrying water from Nyroch river, one of the major sources that feeds about eight thousand population of Naharlagun and Nirjuli, was washed away at Tarajuli last evening. Flashflood cut off Seijosa in East Kameng district from rest of the state forcing people to abandon their homes and damaged colonies, mainly the medical, teacher and veterinary colonies, besides damaging the approach road to the government higher secondary school boys hostel, the sources added.",Itanagar/Naharlagur/Nirjuli,5km,landslide,downpour,small,unknown,0.0,,,,,glc,3776.0,India,IN,Arunāchal Pradesh,26912.0,Naharlagun,2.95672,04-01-2014 00:00,11/20/2017 03:17:00 PM,02/15/2018 03:51:00 PM,93.7145,27.125,papum_pare_arunachal_pradesh
articles.timesofindia.indiatimes.com,http://articles.timesofindia.indiatimes.com/2013-09-08/guwahati/41872983_1_flood-situation-arunachal-pradesh-landslides,5441,09-02-2013 00:00,,"Gosang Village Under Jengging Circle, Arunachal Pradesh","With improvement in the weather, the water level of major rivers in Eastern Arunachal showed a receding trend even as West and Upper Siang districts in the state remained cut off due to massive landslides triggered by torrential rain. Chief Minister Nabam Tuki on Saturday undertook an aerial survey of the affected areas accompanied by Chief Secretary Hari Krishna and Secretary, Disaster Management, Kapa Kholie, officials said on Sunday. Reports had poured in of the Noa Dihing River rising over danger level and inundating portions of Dumpani and four other villages under Diyun circle in Changlang district. At least 13,246 people of eleven villages have been affected by the current wave of flood. Landing at Diyun, Tuki took first hand report of the situation from local Legislator C C Singpho and officials of the district administration, sources said. The swollen river has triggered landslides in at least seven villages while about 85 hectares have been submerged in five villages, they sa","Gosang Village Under Jengging Circle, Arunachal Pradesh",5km,landslide,downpour,large,unknown,,,,,,glc,5441.0,India,IN,Arunāchal Pradesh,18425.0,Along,52.08889,04-01-2014 00:00,11/20/2017 03:17:00 PM,02/15/2018 03:51:00 PM,94.9829,28.611,west_siang_arunachal_pradesh
articles.timesofindia,http://articles.timesofindia.indiatimes.com/2012-07-07/guwahati/32577108_1_arunachal-district-landslides-arunachal-pradesh,4446,07-05-2012 00:00,,"Tuting, Upper Siang , Arunachal Pradesh",Tuting in Upper Siang district of Arunachal Pradesh is cut off from the rest of the country following massive landslides triggered by torrential rain over the past couple of days.,"Tuting, Upper Siang , Arunachal Pradesh",5km,landslide,downpour,large,unknown,,,,,,test,4446.0,India,IN,Arunachal Pradesh,0.0,Damnyain,52.64616,04-01-2014 00:00,11/20/2017 03:17:00 PM,02/15/2018 03:51:00 PM,94.8885,28.9986,west_siang_arunachal_pradesh
Arunachal Times,http://www.arunachaltimes.in/man-washed-away-by-mudslide/,9010,07/16/2016 12:00:00 AM,,"Hoj-Potin Highway, Arunachal Pradesh, India",In an unfortunate accident one Amit Lama was washed away by mudslide when he came out of his car to inspect the block point in the Hoj-Potin Highway. The district administration immediately pressed men and machines to recover the body. Till the filling of this report the body could not be recovered. However roads have opened for vehicle movement late in the evening.,"Hoj-Potin Highway, Arunachal Pradesh, India",5km,mudslide,downpour,medium,above_road,1.0,0.0,,,,glc,9010.0,India,IN,Arunachal Pradesh,26912.0,Naharlagun,24.51693,07/18/2016 04:08:00 PM,11/20/2017 03:17:00 PM,02/15/2018 03:51:00 PM,93.804,27.3034,lower_subansiri_arunachal_pradesh
NELive,http://www.nelive.in/arunachal-pradesh/news/landslide-disrupts-road-communication-between-aalo-and-pangin,9087,07/19/2016 12:00:00 AM,,"5 km off Sangam point on Aalo- Pangin road, Arunachal Pradesh, India","(Location along road estimated. Landslide may have occured a couple days before June 19, 2016). Landslides triggered by torrential rains over the past few days blocked the road at 5 km off Sangam point on Aalo- Pangin road causing a total disruption in road communication.  According to official sources, men and machineries were pressed into service on Tuesday to clear the debris but without any progress as the landowners were obstructing the works demanding compensation.  Meanwhile, Siang Deputy Commissioner Rahul Singh along with ADC and EAC Pangin visited the landslide-hit area on Tuesday to assess the extent of damage.  He interacted with TK Engineering officials and asked them to put more men and machineries to carryout the restoration work.","5 km off Sangam point on Aalo- Pangin road, Arunachal Pradesh, India",50km,landslide,downpour,medium,above_road,0.0,0.0,,http://www.nelive.in/sites/default/files/07-09-15%20Meghalaya-%20Landslide%20hits%20NH-40%20%282%29.jpg,,glc,9087.0,India,IN,Arunachal Pradesh,18425.0,Along,17.3564,07/20/2016 07:36:00 PM,11/20/2017 03:17:00 PM,02/15/2018 03:51:00 PM,94.9612,28.235,west_siang_arunachal_pradesh
Arunachal Times,http://www.arunachaltimes.in/arunachal-devastated-by-landslides-and-floods-minor-dead/,11167,07-09-2017 13:23,,Landslide on road near Durga Mandir,"Landslide on Nirjuli to Banderdewa road obstructs said road, after heavy rains","Naharlagun Sub-District, Papum Pare, Arunachal Pradesh",10km,landslide,continuous_rain,small,above_road,0.0,0.0,,,,,,,,,,,,07-10-2017 13:23,12/20/2017 03:55:00 PM,02/15/2018 03:51:00 PM,93.79559574,27.11610665,papum_pare_arunachal_pradesh
The Arunachal Times,http://www.arunachaltimes.in/man-buried-alive-in-landslide/,11176,06/20/2017 01:16:00 PM,,Fatal landslide in Gussar circle,Man buried by landslide in Gussar,"Gussar, Upper Subansiri, Arunachal Pradesh",5km,landslide,rain,medium,unknown,1.0,0.0,,,,,,,,,,,,07-07-2017 13:16,12/20/2017 04:12:00 PM,02/15/2018 03:51:00 PM,94.18315697,28.10756941,west_siang_arunachal_pradesh
Echo of Arunachal,http://echoofarunachal.in/newecho/2017/05/16/one-dies-in-landslide/,11175,05-03-2017 14:05,,Fatal landslide in Yangte,"Landslide kills one in Yangte village. Article very sparse on information, presumably rainfall triggered due to the contemporaneous flooding in Arunachal.","Yangte, Kra Daadi District, Arunachal Pradesh, India",1km,landslide,rain,medium,unknown,1.0,0.0,,,,,,,,,,,,07-12-2017 14:05,12/20/2017 03:56:00 PM,02/15/2018 03:51:00 PM,93.62407259,27.82743132,lower_subansiri_arunachal_pradesh
Arunachal Times,http://www.arunachaltimes.in/arunachal-devastated-by-landslides-and-floods-minor-dead/,11164,07-09-2017 13:23,,Landslides on Itanagar-Naharlagun road,Landslides obstruct Itanagar-Naharlagun road after heavy rains in Arunachal Pradesh,"NH-52A, Naharlagun Sub-District, Papum Pare, Arunachal Pradesh, 791111",5km,landslide,continuous_rain,small,above_road,0.0,0.0,,,Confidence radius should be 3km,,,,,,,,,07-10-2017 13:23,12/20/2017 03:55:00 PM,02/15/2018 03:51:00 PM,93.65156438,27.1071241,papum_pare_arunachal_pradesh
Hindustan Times,http://www.hindustantimes.com/india-news/14-people-feared-dead-in-massive-landslide-in-arunachal-pradesh/story-I1ogsSk2zfyvXm2wGlmjWP.html,11168,07-11-2017 14:21,,Large landslide at Laptap village,"Landslide after incessant rains buries 3 dwellings, kills 14","Laptap, Papum Pare, Arunachal Pradesh, India",1km,landslide,continuous_rain,large,natural_slope,14.0,0.0,,http://www.hindustantimes.com/rf/image_size_960x540/HT/p2/2017/07/11/Pictures/_cb57521a-663f-11e7-99b4-5703255acffe.jpg,,,,,,,,,,07-11-2017 14:21,12/20/2017 03:55:00 PM,02/15/2018 03:51:00 PM,93.63051815,27.21668161,papum_pare_arunachal_pradesh
Arunachal Times,http://www.arunachaltimes.in/arunachal-devastated-by-landslides-and-floods-minor-dead/,11172,07-09-2017 13:23,,Landslide at Niti Vihar,"After heavy rains. Article: In Itanagar, a massive landslide occurred this morning [7/9/17]at upper Niti Vihar junction washing away Police waiting shed and buried a dwelling house and damaged two cars.","Niti Vihar, Itanagar, Arunachal Pradesh, India",5km,landslide,continuous_rain,medium,natural_slope,0.0,0.0,,http://www.arunachaltimes.in/wp-content/uploads/2017/07/0000-268x1024.jpg,,,,,,,,,,07-10-2017 13:23,12/20/2017 03:55:00 PM,02/15/2018 03:51:00 PM,93.60505989,27.0844941,papum_pare_arunachal_pradesh
The Arunachal Times,http://www.arunachaltimes.in/arunachal-devastated-by-landslides-and-floods-minor-dead/,11170,07-09-2017 13:23,,Mudslides in Borum and Nyorch,Mudslides in Borum and Nyorch (could not identift Nyorch) affect 6 houses. After constant rains throughout Arunachal Pradesh.,"Naharlagun Sub-District, Papum Pare, Arunachal Pradesh",5km,mudslide,continuous_rain,medium,natural_slope,0.0,0.0,,,,,,,,,,,,07-10-2017 13:23,12/20/2017 03:55:00 PM,02/15/2018 03:51:00 PM,93.66495709,27.14163897,papum_pare_arunachal_pradesh
The Arunachal Times,http://www.arunachaltimes.in/rebia-inspects-flood-ravaged-itanagar-jote-tapiasso-road-doimukh-circle/,11169,07-09-2017 14:21,,Landslide on Itanagar- Jote-Tapiasso road,"Landslide after weeks of incessant rain in Arunachal Pradesh completely blocks road. Significant enough to be visited by Minister for Urban Development & Housing, Town Planning.","Itanagar- Jote-Tapiasso road, Papum Pare, Arunachal Pradesh",10km,landslide,continuous_rain,medium,above_road,0.0,0.0,,,,,,,,,,,,07-11-2017 14:21,12/20/2017 03:55:00 PM,02/15/2018 03:51:00 PM,93.50102778,27.05957271,papum_pare_arunachal_pradesh
Hindustan Times,http://www.hindustantimes.com/india-news/floods-landslides-hit-arunachal-capital-itanagar-following-heavy-rains/story-0FRcHVbMWVXWXotUXVBVuI.html,11171,04/26/2017 01:17:00 PM,,Landslide on Senki View road,"Article: ""Incessant rainfall for the past one week has flooded large areas of Arunachal Pradesh’s capital town Itanagar and caused landslides and road blocks at many points.  The PWD took swift action to clear the debris caused by the landslide at Senki View and Donyi Polo Road, an official report said on Thursday.""","Senki View, Itanagar, Papum Pare, Arunachal Pradesh, India",1km,landslide,continuous_rain,small,above_road,0.0,0.0,,http://www.hindustantimes.com/rf/image_size_960x540/HT/p2/2017/04/27/Pictures/landslide-in-arunachal-pradesh_cc89f20a-2b5c-11e7-bd89-19cc2c5d765e.jpg,,,,,,,,,,07/17/2017 01:17:00 PM,12/20/2017 03:55:00 PM,02/15/2018 03:51:00 PM,93.61156568,27.104022,papum_pare_arunachal_pradesh
Arunachal Times,http://www.arunachaltimes.in/arunachal-devastated-by-landslides-and-floods-minor-dead/,11165,07-09-2017 13:23,,"Landslide near Civil Secretariat, Itanagar","Landslide blocks road near Civil Secretariat, easily cleared. Following heavy rains throughout Arunachal Pradesh.","Civil Secretariat, Itanagar, Arunachal Pradesh, India",exact,landslide,continuous_rain,small,above_road,0.0,0.0,,,,,,,,,,,,07-10-2017 13:23,12/20/2017 03:55:00 PM,02/15/2018 03:51:00 PM,93.61882043,27.092916,papum_pare_arunachal_pradesh
Firstpost,http://www.firstpost.com/india/assam-floods-death-toll-reaches-33-over-12-55-lakh-people-affected-across-20-districts-3798017.html,11163,07-10-2017 14:21,,Fatal landslide in Narayanpur,Landslide during heavy rains and flooding throughout Assam State kills two,"Narayanpur, Lakhimpur, Assam, 784164",1km,landslide,continuous_rain,medium,unknown,2.0,0.0,,,,,,,,,,,,07-11-2017 14:21,12/20/2017 03:55:00 PM,02/15/2018 03:51:00 PM,93.85748748,26.95223279,papum_pare_arunachal_pradesh
Arunachal Times,http://www.arunachaltimes.in/arunachal-devastated-by-landslides-and-floods-minor-dead/,11166,07-09-2017 13:23,,Landslides in Aalo,Heavy rains throuhgout Arunachal Pradesh cause multiple landslides in the Aalo neighborhood of Itanagar,"Aalo, Itanagar, Papum Pare, Arunachal Pradesh",5km,landslide,continuous_rain,small,urban,0.0,0.0,,,Confidence radius should be 2-3 km,,,,,,,,,07-10-2017 13:23,12/20/2017 03:55:00 PM,02/15/2018 03:51:00 PM,93.59755441,27.07671517,papum_pare_arunachal_pradesh
The Northeast Today,https://thenortheasttoday.com/arunachal-pradesh-three-assam-labourers-killed-in-a-landslide/,11174,04/22/2017 06:27:00 PM,,Fatal landslide near Palin,Landslide triggered by continuous rains lasting several days kills 3,"Palin, Kurung Kumey, Arunachal Pradesh",1km,landslide,continuous_rain,small,natural_slope,3.0,0.0,,https://thenortheasttoday.com/wp-content/uploads/2017/04/arunachal-pradesh.jpg,,,,,,,,,,07/18/2017 06:27:00 PM,12/20/2017 03:56:00 PM,02/15/2018 03:51:00 PM,93.62592773,27.6802471,lower_subansiri_arunachal_pradesh
The Dawnlit Post,https://thedawnlitpost.com/house-damaged-in-landslide/,11173,04/22/2017 06:27:00 PM,,Landslide at IMC Ward Number 18,"House damaged overnight due to monsoon. Article does not mention trigger directly, but mentions monsoon (reasoning for assuming rainfall trigger.)","IMC ward #18 (??), Lower Subansiri, Arunachal Pradesh",10km,landslide,monsoon,small,natural_slope,0.0,0.0,,https://thedawnlitpost.com/wp-content/uploads/2017/04/2-17-1024x768.gif,,,,,,,,,,07/18/2017 06:27:00 PM,12/20/2017 03:56:00 PM,02/15/2018 03:51:00 PM,93.84196894,27.61790706,lower_subansiri_arunachal_pradesh
